<?xml version="1.0" encoding="UTF-8"?>
<!DOCTYPE suite SYSTEM "http://testng.org/testng-1.0.dtd">
<suite name="Regression Suite">

	<listeners>
	<listener class-name="com.test.automation.UIAutomation.CustomListener.Listener"></listener>
	<listener class-name="com.test.automation.UIAutomation.CustomListener.RetryListener"></listener>
	</listeners>
 <test name="TC001_VerifyLoginWithInvalidCredentials">
 <classes>
 	<class name="com.test.automation.UIAutomation.homepage.TC001_VerifyLoginWithInvalidCredentials"></class>
 </classes>
 </test>
</suite> Suite



