<?xml version="1.0" encoding="UTF-8"?>
<!DOCTYPE suite SYSTEM "http://testng.org/testng-1.0.dtd">
<suite name="Suite">
  <test thread-count="5" name="Test">
    <classes>
      <class name="Maven.MavenProject.MultipleFramesHandling"/>
      <class name="Maven.MavenProject.MultipleWindowHandling"/>
      <class name="Maven.MavenProject.Links"/>
      <class name="Maven.MavenProject.PageObjectModelPOM"/>
      <class name="Maven.MavenProject.Sampletwo"/>
      <class name="Maven.MavenProject.Sampleone"/>
      <class name="Maven.MavenProject.Samplethree"/>
      <class name="Maven.MavenProject.BrokenLinks"/>
      <class name="Maven.MavenProject.SingleLink"/>
      <class name="Maven.MavenProject.Dropdowns"/>
      <class name="Maven.MavenProject.Screenshots"/>
      <class name="Maven.MavenProject.Annotations"/>
      <class name="Maven.MavenProject.GroupOfLinks"/>
      <class name="Maven.MavenProject.Alerts"/>
      <class name="Maven.MavenProject.SpecificGroupLinks"/>
    </classes>
  </test> <!-- Test -->
</suite> <!-- Suite -->
